division,fold_0,fold_1,fold_2,fold_3,fold_4
train,0.010283652693033218,0.03494488965306017,0.0,0.021183517740832436,0.04986822396102879
repair,0.011003538303905063,0.03219124012523227,0.0,0.02221581952439414,0.047389565408229826
test,0.008378884494304658,0.040040569305419924,0.0,0.018686945140361785,0.0662659165263176
