division,fold_0,fold_1,fold_2,fold_3,fold_4
train,0.1557966953350438,0.15698829607831108,0.17264206819236277,0.0,0.16077293316937155
repair,0.14795441089404954,0.15568854361772538,0.18177462311254608,0.0,0.1612163191040357
test,0.1565874423086643,0.15378935605287553,0.16445304647088052,0.0,0.1460919526219368
