division,fold_0,fold_1,fold_2,fold_3,fold_4,fold_5,fold_6,fold_7,fold_8,fold_9
train,0.10042495513832578,0.07483722099113621,0.10794845535862557,0.09898672447732124,0.08672235917879205,0.08013492623135703,0.08081460155130163,0.0867807977631574,0.08345812497768014,0.05731425677933633
repair,0.09717917541807024,0.07433998282855542,0.10390951967649906,0.09928183351590336,0.0876900939010112,0.07990616797518033,0.0862141490955689,0.08060808658797455,0.0763589754515385,0.05785085117753247
test,0.09653888176258685,0.07282733020081947,0.10178258663517434,0.09321815751130569,0.08306252848869412,0.07678981175445285,0.07748662436819029,0.08436805221109926,0.07877116739963824,0.05446242133564106
