division,fold_0,fold_1,fold_2,fold_3,fold_4,fold_5,fold_6,fold_7,fold_8,fold_9
train,0.09096274868819998,0.11396250862180722,0.0780064626649095,0.09505788797609285,0.0750374635005333,0.09227457233675096,0.09092857438954496,0.07973641044491603,0.07904229709686643,0.08440651703481952
repair,0.08825098649974455,0.11477499129311917,0.08134485495445236,0.0902283480188674,0.07943352921933401,0.09677555695547684,0.08441366411246375,0.07766792433942338,0.08227634877203185,0.07735190213034725
test,0.09035481987741276,0.11727336254792645,0.07889779943712218,0.09641922665358325,0.0753113856639094,0.0930750082424043,0.09302094222029282,0.0813622587747524,0.0793900005571783,0.08588675476956173
