division,fold_0,fold_1,fold_2,fold_3,fold_4
train,0.14383923414861782,0.03332138815894723,0.053137719887308775,0.07752687376923859,0.07517911761533469
repair,0.14874293603934347,0.03368807807564735,0.04744530227035284,0.07832953706383705,0.07085732324048877
test,0.1468491106107831,0.034989413321018216,0.0542722138017416,0.08406308636069298,0.07695472873747349
