division,fold_0,fold_1,fold_2,fold_3,fold_4
train,0.0415852780557341,0.0,0.04893398820939991,0.056345120982991326,0.015383250597450469
repair,0.041813339789708456,0.0,0.04648770499560568,0.06089094314310286,0.01620659910970264
test,0.04202359348535538,0.0,0.04332430273294449,0.055869563221931456,0.015891979932785034
