division,fold_0,fold_1,fold_2,fold_3,fold_4
train,0.10881592496298254,0.019383320095948876,0.07027692692354322,0.08526756335049868,0.016994494455866517
repair,0.10382295083254575,0.01742829829454422,0.06296691149473191,0.1009154187515378,0.017276699282228948
test,0.11206441521644592,0.02281929112970829,0.07019550889730454,0.09757960975170135,0.021299484372138976
