division,fold_0,fold_1,fold_2,fold_3,fold_4
train,0.15323617953108623,0.14881948926486074,0.14922316852025688,0.18576583960093557,0.14075095399748533
repair,0.1408766999375075,0.1536496825516224,0.1275584541261196,0.20978571176528932,0.13198954118415712
test,0.15253864120692015,0.16038446888327598,0.14369973607361317,0.2036490572988987,0.13124908551573752
