division,fold_0,fold_1,fold_2,fold_3,fold_4
train,0.1367503293324262,0.10163441938348114,0.17640388638246804,0.16375985476188362,0.10626609118189663
repair,0.11543762246146798,0.10204266421496869,0.1572758705355227,0.1949393855407834,0.0982231787405908
test,0.13916704252362253,0.10809260554611683,0.1749866461753845,0.1898432946205139,0.10799236878752709
