division,fold_0,fold_1,fold_2,fold_3,fold_4
train,0.16247441789342298,0.0,0.14975423307882416,0.1936630939443906,0.18164608946277036
repair,0.155823720826043,0.0,0.16257731682724422,0.20435388684272765,0.1763130020764139
test,0.1628493270277977,0.0,0.15640315443277358,0.20477280408143997,0.18064416199922562
